title,price,rating,reviews,availability
PlayStation®4 Console – Call of Duty® Modern Warfare II Bundle,380.00,4.5 out of 5 stars,103 ratings,In Stock
"Wireless Controller Dual Vibration Game Joystick Controller for Ps4 Controller/Slim/Pro,Compatible with PS4 Console",19.99,4.0 out of 5 stars,"2,297 ratings",In Stock
"PS4 Controller Charger Dock Station, OIVO 1.8Hrs PS4 Controller Charging Dock, Charging Station Replacement for PlayStation 4 Dualshock 4 Charger",14.98,4.7 out of 5 stars,"38,966 ratings",In Stock
$250 PlayStation Store Gift Card [Digital Code],250.00,4.7 out of 5 stars,"251,143 ratings",Available now
"FASIGO PS4 Controller 2 Pack, Wireless PS4 Controller for PS4 / Pro/Slim & PC, with 2 USB C Cable - Black",29.99,4.3 out of 5 stars,169 ratings,In Stock
Grand Theft Auto V: Premium Edition (PS4),19.93,4.6 out of 5 stars,"12,260 ratings",In Stock
"Wireless Controller for PS4, Custom Design V2 Gamepad Joystick for PS4 with Non-Slip Grip of Both Sides and 3.5mm Audio Jack! Thumb Caps Included! (Galaxy)",17.99,4.2 out of 5 stars,"2,797 ratings",In Stock
"OIVO PS4 Stand Cooling Fan Station for Playstation 4/PS4 Slim/PS4 Pro, PS4 Pro Vertical Stand with Dual Controller EXT Port Charger Dock Station and 12 Game Slots",29.98,4.5 out of 5 stars,"45,787 ratings",In Stock
"PS4 Controller Wireless 2 Pack, Compatible with PlayStation 4 & PC Windows - Black & White",29.98,4.2 out of 5 stars,82 ratings,In Stock
PowerA USB Charging Cable for PlayStation 4,6.99,4.7 out of 5 stars,"33,830 ratings",In Stock
"Playstation Sony 4, 500GB Slim System [CUH-2215AB01], Black, 3003347",29.99,4.4 out of 5 stars,355 ratings,Not Available
PlayStation 4 Slim 1TB Console,36.89,4.7 out of 5 stars,"15,734 ratings",Not Available
Sony Playstation PS4 1TB Black Console,177.50,4.7 out of 5 stars,"1,528 ratings",Only 1 left in stock - order soon.
PlayStation 4 Pro 1TB Console,29.98,4.7 out of 5 stars,"12,765 ratings",Not Available
Sony PlayStation 4 Pro 1TB Console - Black (PS4 Pro),198.50,4.4 out of 5 stars,"4,137 ratings",Only 8 left in stock - order soon.
PlayStation 4 Slim 500GB Console [Discontinued],170.00,4.6 out of 5 stars,"1,907 ratings",Only 17 left in stock - order soon.
"Dliaonew Wireless Controller for PS4, 2 Pack Remote Control Compatible with PS4/Slim/Pro with Dual Vibration/Audio/Six-axis Motion Sensor/Game Joystick - Camo Red + Camo Green",36.89,4.2 out of 5 stars,315 ratings,In Stock
"Wireless Gaming Headset, 2.4GHz USB Gaming Headphones for PC PS5 PS4 Mac Switch with Bluetooth 5.2, 100H Battery, ENC Noise Canceling Mic, RGB Light, 3.5mm Wired Jack for Xbox Series",29.99,4.2 out of 5 stars,187 ratings,In Stock
"Controller Wireless for PS4 - Spider Pattern Design, 1000mAh Battery, Adjustable RGB, Double shock, 6-Axis Gyro, Built-in Speaker, 3.5mm Audio Jack, Controller fit for PlayStation 4/Pro/Slim/PC",39.99,Previous page of related Sponsored Products,,In Stock
